conv_id,msg_idx,latency_ms,is_merge
conv_01,0,0.6444,false
conv_01,1,0.0549,false
conv_01,2,0.0265,false
conv_01,3,0.0325,false
conv_01,4,0.0101,false
conv_01,5,0.0110,false
conv_01,6,0.0446,false
conv_01,7,0.0103,false
conv_01,8,0.0215,false
conv_01,9,0.0359,false
conv_01,10,0.0267,false
conv_01,11,0.0265,false
conv_01,12,0.0225,false
conv_01,13,0.0732,false
conv_01,14,0.0669,false
conv_01,15,0.0479,false
conv_01,16,0.0659,false
conv_01,17,0.0509,false
conv_01,18,0.0646,false
conv_01,19,0.0663,false
conv_01,20,0.0880,false
conv_01,21,0.0306,false
conv_01,22,0.0336,false
conv_01,23,0.0336,false
conv_01,24,0.3908,false
conv_01,25,0.0278,false
conv_01,26,0.1086,false
conv_01,27,0.0949,false
conv_01,28,0.0690,false
conv_01,29,0.0702,false
conv_01,30,0.2055,false
conv_01,31,0.1648,false
conv_01,32,0.0962,false
conv_01,33,0.1053,false
conv_01,34,0.1957,false
conv_01,35,0.4261,false
conv_01,36,0.2450,false
conv_01,37,0.1349,false
conv_01,38,0.1295,false
conv_01,39,0.2844,false
conv_01,40,843.6599,true
conv_01,41,732.1747,true
conv_01,42,1486.4684,true
conv_01,43,1536.0123,true
conv_01,44,1417.0428,true
conv_01,45,1653.1934,true
conv_01,46,1539.9902,true
conv_01,47,1775.9933,true
conv_01,48,1803.1903,true
conv_01,49,1795.1925,true
conv_01,50,1992.6689,true
conv_01,51,2026.5129,true
conv_01,52,928.0640,true
conv_01,53,1961.3903,true
conv_01,54,776.7867,true
conv_01,55,965.7212,true
conv_01,56,1016.5266,true
conv_01,57,2395.1131,true
conv_01,58,1802.8986,true
conv_01,59,2095.0981,true
conv_01,60,2135.3986,true
conv_01,61,1959.9302,true
conv_01,62,3245.1114,true
conv_01,63,2277.9777,true
conv_01,64,736.8432,true
conv_01,65,2419.7599,true
conv_01,66,2233.2731,true
conv_01,67,2871.7213,true
conv_01,68,1179.5523,true
conv_01,69,1512.5876,true
conv_01,70,1270.8342,true
conv_01,71,2348.4245,true
conv_01,72,2023.8973,true
conv_01,73,1816.0324,true
conv_01,74,1728.3415,true
conv_01,75,2252.6482,true
conv_01,76,1958.9921,true
conv_01,77,2341.4692,true
conv_01,78,1330.0451,true
conv_01,79,2457.9876,true
conv_01,80,2029.4753,true
conv_01,81,2446.0252,true
conv_01,82,2230.8455,true
conv_01,83,2278.2245,true
conv_01,84,2124.8233,true
conv_01,85,2849.4892,true
conv_01,86,2219.6220,true
conv_01,87,2463.7823,true
conv_01,88,3819.7719,true
conv_01,89,2830.2073,true
conv_01,90,3041.9285,true
conv_01,91,4109.0005,true
conv_01,92,2431.1077,true
conv_01,93,1320.3201,true
conv_01,94,1995.7398,true
conv_01,95,2205.3655,true
conv_01,96,2042.5035,true
conv_01,97,1720.4956,true
conv_01,98,2304.3468,true
conv_01,99,3139.6667,true
conv_01,100,2273.3284,true
conv_01,101,2217.3534,true
conv_01,102,2127.1940,true
conv_01,103,2251.3675,true
conv_01,104,1842.3234,true
conv_01,105,2559.7697,true
conv_01,106,2436.0146,true
conv_01,107,1962.3500,true
conv_01,108,2054.2399,true
conv_01,109,1946.2831,true
conv_01,110,1944.8703,true
conv_01,111,2047.7641,true
conv_01,112,1551.5739,true
conv_01,113,2177.2478,true
conv_01,114,2366.7114,true
conv_01,115,2300.4240,true
conv_01,116,2249.9823,true
conv_01,117,2670.3320,true
conv_01,118,2455.7398,true
conv_01,119,2349.0917,true
conv_02,0,0.0983,false
conv_02,1,0.0580,false
conv_02,2,0.0427,false
conv_02,3,0.0445,false
conv_02,4,0.0544,false
conv_02,5,0.0418,false
conv_02,6,0.0068,false
conv_02,7,0.0271,false
conv_02,8,0.0532,false
conv_02,9,0.0329,false
conv_02,10,0.0349,false
conv_02,11,0.0215,false
conv_02,12,0.0269,false
conv_02,13,0.0056,false
conv_02,14,0.0487,false
conv_02,15,0.5890,false
conv_02,16,0.0614,false
conv_02,17,0.0354,false
conv_02,18,0.0513,false
conv_02,19,0.0362,false
conv_02,20,0.0392,false
conv_02,21,0.0226,false
conv_02,22,0.0129,false
conv_02,23,0.0253,false
conv_02,24,0.0287,false
conv_02,25,0.0496,false
conv_02,26,0.0523,false
conv_02,27,0.0501,false
conv_02,28,0.0185,false
conv_02,29,0.0427,false
conv_02,30,0.0403,false
conv_02,31,0.0570,false
conv_02,32,0.0396,false
conv_02,33,0.0397,false
conv_02,34,0.0464,false
conv_02,35,0.0563,false
conv_02,36,0.0437,false
conv_02,37,0.3859,false
conv_02,38,0.0955,false
conv_02,39,0.0565,false
conv_02,40,1430.6075,true
conv_02,41,1536.4378,true
conv_02,42,1640.8927,true
conv_02,43,1430.4660,true
conv_02,44,1552.9849,true
conv_02,45,2033.3270,true
conv_02,46,1555.4078,true
conv_02,47,2130.7939,true
conv_02,48,1841.2775,true
conv_02,49,1843.9417,true
conv_02,50,1691.8045,true
conv_02,51,1930.8857,true
conv_02,52,1804.1499,true
conv_02,53,2252.6812,true
conv_02,54,1906.5044,true
conv_02,55,1678.8146,true
conv_02,56,1458.4326,true
conv_02,57,1615.4598,true
conv_02,58,2663.0315,true
conv_02,59,1821.1275,true
conv_02,60,2170.1420,true
conv_02,61,2197.2734,true
conv_02,62,2102.6297,true
conv_02,63,1976.0045,true
conv_02,64,2101.1092,true
conv_02,65,2068.8356,true
conv_02,66,2866.9845,true
conv_02,67,2447.3798,true
conv_02,68,2095.0967,true
conv_02,69,2279.6357,true
conv_02,70,2666.2230,true
conv_02,71,3004.3142,true
conv_02,72,2464.5760,true
conv_02,73,2347.8794,true
conv_02,74,2409.7245,true
conv_02,75,2933.5280,true
conv_02,76,2517.4552,true
conv_02,77,2870.2788,true
conv_02,78,3298.8211,true
conv_02,79,3275.4338,true
conv_02,80,3277.5735,true
conv_02,81,2606.8958,true
conv_02,82,3267.0041,true
conv_02,83,3771.9065,true
conv_02,84,3335.5243,true
conv_02,85,3501.3786,true
conv_02,86,3068.1873,true
conv_02,87,3693.6637,true
conv_02,88,2551.7310,true
conv_02,89,3672.5321,true
conv_02,90,3669.9711,true
conv_02,91,3215.2113,true
conv_02,92,3172.0392,true
conv_02,93,3379.9916,true
conv_02,94,2353.5339,true
conv_02,95,3689.8445,true
conv_02,96,2659.0858,true
conv_02,97,2767.2024,true
conv_02,98,3266.6276,true
conv_02,99,3182.8079,true
conv_02,100,3962.0492,true
conv_02,101,2955.1378,true
conv_02,102,2506.3699,true
conv_02,103,3275.5152,true
conv_02,104,1026.6983,true
conv_02,105,3248.9221,true
conv_02,106,3096.8443,true
conv_02,107,3220.3654,true
conv_02,108,3377.5869,true
conv_02,109,3182.4184,true
conv_02,110,3279.1535,true
conv_02,111,2984.3023,true
conv_02,112,2507.9031,true
conv_02,113,3161.6897,true
conv_02,114,3408.4275,true
conv_02,115,903.3875,true
conv_02,116,4209.6259,true
conv_02,117,3318.4408,true
conv_02,118,3720.1980,true
conv_02,119,3074.2665,true
conv_03,0,0.0692,false
conv_03,1,0.0348,false
conv_03,2,0.0254,false
conv_03,3,0.0317,false
conv_03,4,0.0313,false
conv_03,5,0.0315,false
conv_03,6,0.4727,false
conv_03,7,0.0512,false
conv_03,8,0.0405,false
conv_03,9,0.0139,false
conv_03,10,0.0330,false
conv_03,11,0.0315,false
conv_03,12,0.0294,false
conv_03,13,0.0199,false
conv_03,14,0.0432,false
conv_03,15,0.0292,false
conv_03,16,0.0304,false
conv_03,17,0.0123,false
conv_03,18,0.0290,false
conv_03,19,0.0213,false
conv_03,20,0.0400,false
conv_03,21,0.0334,false
conv_03,22,0.0318,false
conv_03,23,0.0356,false
conv_03,24,0.0247,false
conv_03,25,0.0333,false
conv_03,26,0.0354,false
conv_03,27,0.0288,false
conv_03,28,0.0286,false
conv_03,29,0.3232,false
conv_03,30,0.0429,false
conv_03,31,0.0464,false
conv_03,32,0.0465,false
conv_03,33,0.0267,false
conv_03,34,0.0470,false
conv_03,35,0.0351,false
conv_03,36,0.0535,false
conv_03,37,0.0578,false
conv_03,38,0.0662,false
conv_03,39,0.0461,false
conv_03,40,1068.6009,true
conv_03,41,1290.9634,true
conv_03,42,1455.2697,true
conv_03,43,1255.7832,true
conv_03,44,1426.4840,true
conv_03,45,1637.8742,true
conv_03,46,1354.8800,true
conv_03,47,1921.5794,true
conv_03,48,1394.2763,true
conv_03,49,2295.7925,true
conv_03,50,2055.7649,true
conv_03,51,1984.6842,true
conv_03,52,2000.4168,true
conv_03,53,2147.0862,true
conv_03,54,2148.9060,true
conv_03,55,2562.4156,true
conv_03,56,2175.6226,true
conv_03,57,2534.1058,true
conv_03,58,1843.0922,true
conv_03,59,2050.4683,true
conv_03,60,2968.8393,true
conv_03,61,2348.9646,true
conv_03,62,2563.9141,true
conv_03,63,2662.1227,true
conv_03,64,2117.9454,true
conv_03,65,2491.1152,true
conv_03,66,3002.1994,true
conv_03,67,2220.1559,true
conv_03,68,2414.5408,true
conv_03,69,2333.5972,true
conv_03,70,2623.4811,true
conv_03,71,2071.1135,true
conv_03,72,2412.8296,true
conv_03,73,2174.8121,true
conv_03,74,3788.1567,true
conv_03,75,2649.5480,true
conv_03,76,2581.2299,true
conv_03,77,2118.7885,true
conv_03,78,2694.9479,true
conv_03,79,2855.1133,true
conv_03,80,2287.8967,true
conv_03,81,2629.1348,true
conv_03,82,2753.1895,true
conv_03,83,2980.1920,true
conv_03,84,4315.1935,true
conv_03,85,2960.0638,true
conv_03,86,3582.3734,true
conv_03,87,2983.8445,true
conv_03,88,2864.7520,true
conv_03,89,2670.4335,true
conv_03,90,3009.3736,true
conv_03,91,2992.9191,true
conv_03,92,3910.9753,true
conv_03,93,3071.3550,true
conv_03,94,2797.3655,true
conv_03,95,2526.4234,true
conv_03,96,3389.1253,true
conv_03,97,3475.8703,true
conv_03,98,2764.0690,true
conv_03,99,945.5593,true
conv_03,100,2837.2525,true
conv_03,101,3466.1677,true
conv_03,102,2232.5195,true
conv_03,103,3854.0117,true
conv_03,104,2921.4465,true
conv_03,105,2853.8387,true
conv_03,106,1648.1918,true
conv_03,107,2023.2337,true
conv_03,108,2141.9502,true
conv_03,109,3744.3421,true
conv_03,110,2050.8985,true
conv_03,111,2252.3794,true
conv_03,112,2149.7265,true
conv_03,113,1908.7814,true
conv_03,114,3105.2567,true
conv_03,115,2564.3420,true
conv_03,116,2487.6357,true
conv_03,117,2315.5540,true
conv_03,118,2620.6477,true
conv_03,119,2553.3050,true
conv_04,0,0.0745,false
conv_04,1,0.0163,false
conv_04,2,0.0213,false
conv_04,3,0.0094,false
conv_04,4,0.0450,false
conv_04,5,0.0238,false
conv_04,6,0.0170,false
conv_04,7,0.0364,false
conv_04,8,0.0233,false
conv_04,9,0.0465,false
conv_04,10,0.0320,false
conv_04,11,0.0089,false
conv_04,12,0.0161,false
conv_04,13,0.0108,false
conv_04,14,0.0339,false
conv_04,15,0.0370,false
conv_04,16,0.0338,false
conv_04,17,0.0375,false
conv_04,18,0.0187,false
conv_04,19,0.0444,false
conv_04,20,0.0431,false
conv_04,21,0.0423,false
conv_04,22,0.0429,false
conv_04,23,0.4643,false
conv_04,24,0.0668,false
conv_04,25,0.0417,false
conv_04,26,0.0478,false
conv_04,27,0.0403,false
conv_04,28,0.0372,false
conv_04,29,0.0393,false
conv_04,30,0.0477,false
conv_04,31,0.0557,false
conv_04,32,0.0516,false
conv_04,33,0.0510,false
conv_04,34,0.0556,false
conv_04,35,0.0591,false
conv_04,36,0.0669,false
conv_04,37,0.0615,false
conv_04,38,0.0685,false
conv_04,39,0.3323,false
conv_04,40,1339.2653,true
conv_04,41,1311.2530,true
conv_04,42,1517.4092,true
conv_04,43,1228.6835,true
conv_04,44,1473.2870,true
conv_04,45,1717.0535,true
conv_04,46,1541.6471,true
conv_04,47,1593.8971,true
conv_04,48,1651.8443,true
conv_04,49,1930.9029,true
conv_04,50,1934.2453,true
conv_04,51,2731.8881,true
conv_04,52,1908.8956,true
conv_04,53,2097.8616,true
conv_04,54,2690.8682,true
conv_04,55,2328.1232,true
conv_04,56,2194.9340,true
conv_04,57,2102.2548,true
conv_04,58,2107.4831,true
conv_04,59,2723.8523,true
conv_04,60,2360.3370,true
conv_04,61,1741.2247,true
conv_04,62,2076.0321,true
conv_04,63,2308.5232,true
conv_04,64,2268.4721,true
conv_04,65,2433.2034,true
conv_04,66,2139.1935,true
conv_04,67,1881.9811,true
conv_04,68,2033.7311,true
conv_04,69,2465.7217,true
conv_04,70,2563.7623,true
conv_04,71,2474.3154,true
conv_04,72,2133.4870,true
conv_04,73,2240.9715,true
conv_04,74,2061.9358,true
conv_04,75,2225.2690,true
conv_04,76,2350.1697,true
conv_04,77,2093.6668,true
conv_04,78,2303.6455,true
conv_04,79,2199.0036,true
conv_04,80,2480.8441,true
conv_04,81,3547.5353,true
conv_04,82,2458.2647,true
conv_04,83,2808.0555,true
conv_04,84,4160.4715,true
conv_04,85,2653.1090,true
conv_04,86,2938.1670,true
conv_04,87,2895.3609,true
conv_04,88,4587.4421,true
conv_04,89,3144.9062,true
conv_04,90,3027.2868,true
conv_04,91,3341.6672,true
conv_04,92,2905.1558,true
conv_04,93,3150.8048,true
conv_04,94,4118.6439,true
conv_04,95,2868.4762,true
conv_04,96,2967.9796,true
conv_04,97,2560.8377,true
conv_04,98,2866.8530,true
conv_04,99,3177.1893,true
conv_04,100,4141.1172,true
conv_04,101,2411.2652,true
conv_04,102,3579.4773,true
conv_04,103,2510.1825,true
conv_04,104,3033.1308,true
conv_04,105,1980.6763,true
conv_04,106,3455.4042,true
conv_04,107,2545.1655,true
conv_04,108,2529.4458,true
conv_04,109,2790.9490,true
conv_04,110,1417.2140,true
conv_04,111,2944.5400,true
conv_04,112,2791.5935,true
conv_04,113,4615.0138,true
conv_04,114,3801.3468,true
conv_04,115,2737.9656,true
conv_04,116,2493.5240,true
conv_04,117,2496.7781,true
conv_04,118,3223.8976,true
conv_04,119,2464.0287,true
conv_05,0,0.0412,false
conv_05,1,0.0203,false
conv_05,2,0.0064,false
conv_05,3,0.0116,false
conv_05,4,0.0169,false
conv_05,5,0.0223,false
conv_05,6,0.0264,false
conv_05,7,0.0099,false
conv_05,8,0.0253,false
conv_05,9,0.0243,false
conv_05,10,0.0105,false
conv_05,11,0.0036,false
conv_05,12,0.0147,false
conv_05,13,0.0094,false
conv_05,14,0.3374,false
conv_05,15,0.0184,false
conv_05,16,0.0166,false
conv_05,17,0.0243,false
conv_05,18,0.0231,false
conv_05,19,0.0136,false
conv_05,20,0.0122,false
conv_05,21,0.0121,false
conv_05,22,0.0050,false
conv_05,23,0.0231,false
conv_05,24,0.0222,false
conv_05,25,0.0157,false
conv_05,26,0.0234,false
conv_05,27,0.0127,false
conv_05,28,0.0199,false
conv_05,29,0.0225,false
conv_05,30,0.0267,false
conv_05,31,0.0329,false
conv_05,32,0.0325,false
conv_05,33,0.0232,false
conv_05,34,0.0270,false
conv_05,35,0.0268,false
conv_05,36,0.0261,false
conv_05,37,0.0279,false
conv_05,38,0.2066,false
conv_05,39,0.0649,false
conv_05,40,1327.7035,true
conv_05,41,1432.5482,true
conv_05,42,1331.9749,true
conv_05,43,1740.0648,true
conv_05,44,1538.0830,true
conv_05,45,1734.3412,true
conv_05,46,1132.5744,true
conv_05,47,1636.9396,true
conv_05,48,2640.9624,true
conv_05,49,1557.2071,true
conv_05,50,1865.5021,true
conv_05,51,1937.6611,true
conv_05,52,2046.7788,true
conv_05,53,1933.0345,true
conv_05,54,2867.5345,true
conv_05,55,2474.9237,true
conv_05,56,2545.1164,true
conv_05,57,1944.0829,true
conv_05,58,1971.2894,true
conv_05,59,1955.1555,true
conv_05,60,2216.5870,true
conv_05,61,2118.1217,true
conv_05,62,13251.3257,true
conv_05,63,2742.4051,true
conv_05,64,2674.3377,true
conv_05,65,2457.7529,true
conv_05,66,2925.0786,true
conv_05,67,3645.0429,true
conv_05,68,2159.3210,true
conv_05,69,2395.1118,true
conv_05,70,2420.6791,true
conv_05,71,2275.9625,true
conv_05,72,1121.6859,true
conv_05,73,2827.6544,true
conv_05,74,1903.3347,true
conv_05,75,1569.0969,true
conv_05,76,2715.7829,true
conv_05,77,2113.8163,true
conv_05,78,1421.5501,true
conv_05,79,2061.4495,true
conv_05,80,1295.9395,true
conv_05,81,1958.8091,true
conv_05,82,2274.2312,true
conv_05,83,1235.6701,true
conv_05,84,3072.0030,true
conv_05,85,2334.6766,true
conv_05,86,2049.7223,true
conv_05,87,2147.8074,true
conv_05,88,2253.2399,true
conv_05,89,2253.5613,true
conv_05,90,2899.4945,true
conv_05,91,1708.4537,true
conv_05,92,2046.9930,true
conv_05,93,2295.0692,true
conv_05,94,2501.9944,true
conv_05,95,3702.3983,true
conv_05,96,4402.7938,true
conv_05,97,2823.3132,true
conv_05,98,2518.0673,true
conv_05,99,3159.8975,true
conv_05,100,3480.0310,true
conv_05,101,2628.7047,true
conv_05,102,3106.9696,true
conv_05,103,2431.4389,true
conv_05,104,3097.5998,true
conv_05,105,2355.0420,true
conv_05,106,2244.3041,true
conv_05,107,2364.1934,true
conv_05,108,2136.2533,true
conv_05,109,1959.6878,true
conv_05,110,2426.9877,true
conv_05,111,2088.4510,true
conv_05,112,2755.5675,true
conv_05,113,2407.6590,true
conv_05,114,1180.4654,true
conv_05,115,2863.9490,true
conv_05,116,2765.1279,true
conv_05,117,2607.1541,true
conv_05,118,2819.4260,true
conv_05,119,2117.3017,true
conv_06,0,0.0469,false
conv_06,1,0.0124,false
conv_06,2,0.0107,false
conv_06,3,0.0076,false
conv_06,4,0.0129,false
conv_06,5,0.0087,false
conv_06,6,0.0148,false
conv_06,7,0.0141,false
conv_06,8,0.0233,false
conv_06,9,0.0282,false
conv_06,10,0.0242,false
conv_06,11,0.0142,false
conv_06,12,0.0039,false
conv_06,13,0.0222,false
conv_06,14,0.0268,false
conv_06,15,0.0360,false
conv_06,16,0.0114,false
conv_06,17,0.0255,false
conv_06,18,0.0064,false
conv_06,19,0.0239,false
conv_06,20,0.0127,false
conv_06,21,0.0077,false
conv_06,22,0.0282,false
conv_06,23,0.2847,false
conv_06,24,0.0149,false
conv_06,25,0.0135,false
conv_06,26,0.0273,false
conv_06,27,0.0271,false
conv_06,28,0.0118,false
conv_06,29,0.0316,false
conv_06,30,0.0392,false
conv_06,31,0.0353,false
conv_06,32,0.0268,false
conv_06,33,0.0478,false
conv_06,34,0.0390,false
conv_06,35,0.0158,false
conv_06,36,0.0345,false
conv_06,37,0.0306,false
conv_06,38,0.0423,false
conv_06,39,0.0504,false
conv_06,40,1738.8498,true
conv_06,41,1333.1140,true
conv_06,42,1376.3943,true
conv_06,43,1081.3235,true
conv_06,44,1065.6927,true
conv_06,45,1391.4694,true
conv_06,46,1532.1997,true
conv_06,47,1133.6042,true
conv_06,48,1967.7670,true
conv_06,49,1376.7743,true
conv_06,50,1669.1245,true
conv_06,51,1997.7843,true
conv_06,52,1690.2725,true
conv_06,53,1738.9932,true
conv_06,54,1742.0522,true
conv_06,55,2507.2477,true
conv_06,56,2304.7412,true
conv_06,57,1442.1339,true
conv_06,58,2041.0990,true
conv_06,59,1738.1227,true
conv_06,60,2358.9863,true
conv_06,61,1689.2352,true
conv_06,62,1278.2344,true
conv_06,63,1944.3725,true
conv_06,64,1874.8945,true
conv_06,65,1813.1281,true
conv_06,66,2604.2548,true
conv_06,67,2694.2342,true
conv_06,68,1866.7272,true
conv_06,69,1827.1949,true
conv_06,70,2169.2403,true
conv_06,71,1954.3316,true
conv_06,72,3061.1620,true
conv_06,73,1903.6467,true
conv_06,74,2183.4482,true
conv_06,75,1663.9315,true
conv_06,76,2032.0082,true
conv_06,77,2241.8883,true
conv_06,78,2342.1159,true
conv_06,79,1971.8364,true
conv_06,80,921.7596,true
conv_06,81,2558.1897,true
conv_06,82,3391.4140,true
conv_06,83,2343.8997,true
conv_06,84,2252.3262,true
conv_06,85,1963.3724,true
conv_06,86,2133.1866,true
conv_06,87,2112.7216,true
conv_06,88,2782.5134,true
conv_06,89,2244.2560,true
conv_06,90,2281.1432,true
conv_06,91,2458.9437,true
conv_06,92,2390.4772,true
conv_06,93,2281.3038,true
conv_06,94,2905.2044,true
conv_06,95,3757.8988,true
conv_06,96,2267.6041,true
conv_06,97,2334.4343,true
conv_06,98,2851.9994,true
conv_06,99,2011.4142,true
conv_06,100,2941.6786,true
conv_06,101,2061.8002,true
conv_06,102,1945.0805,true
conv_06,103,2332.6389,true
conv_06,104,2353.3575,true
conv_06,105,2286.0663,true
conv_06,106,2776.3995,true
conv_06,107,3092.2563,true
conv_06,108,2419.6807,true
conv_06,109,2461.3145,true
conv_06,110,3149.4241,true
conv_06,111,2666.7014,true
conv_06,112,3462.7409,true
conv_06,113,3168.9405,true
conv_06,114,2034.7928,true
conv_06,115,2779.6405,true
conv_06,116,3724.2093,true
conv_06,117,2970.1766,true
conv_06,118,3768.3490,true
conv_06,119,4212.7727,true
conv_07,0,0.0674,false
conv_07,1,0.0082,false
conv_07,2,0.0410,false
conv_07,3,0.0500,false
conv_07,4,0.0345,false
conv_07,5,0.0078,false
conv_07,6,0.0360,false
conv_07,7,0.0312,false
conv_07,8,0.0324,false
conv_07,9,0.0336,false
conv_07,10,0.0364,false
conv_07,11,0.0097,false
conv_07,12,0.0323,false
conv_07,13,0.0358,false
conv_07,14,0.0330,false
conv_07,15,0.8387,false
conv_07,16,0.0538,false
conv_07,17,0.0162,false
conv_07,18,0.0278,false
conv_07,19,0.0134,false
conv_07,20,0.0220,false
conv_07,21,0.0342,false
conv_07,22,0.0165,false
conv_07,23,0.0092,false
conv_07,24,0.0339,false
conv_07,25,0.0385,false
conv_07,26,0.0070,false
conv_07,27,0.0282,false
conv_07,28,0.0267,false
conv_07,29,0.0177,false
conv_07,30,0.0462,false
conv_07,31,0.0280,false
conv_07,32,0.0307,false
conv_07,33,0.0550,false
conv_07,34,0.0471,false
conv_07,35,0.0541,false
conv_07,36,0.0308,false
conv_07,37,0.0408,false
conv_07,38,0.0469,false
conv_07,39,0.3283,false
conv_07,40,1505.7336,true
conv_07,41,1363.7992,true
conv_07,42,1672.2863,true
conv_07,43,1824.5705,true
conv_07,44,1978.6015,true
conv_07,45,1994.4185,true
conv_07,46,1773.5470,true
conv_07,47,1718.8855,true
conv_07,48,2496.8958,true
conv_07,49,1708.4486,true
conv_07,50,1072.7032,true
conv_07,51,2186.0499,true
conv_07,52,1782.3770,true
conv_07,53,1747.4189,true
conv_07,54,1796.5198,true
conv_07,55,1755.7015,true
conv_07,56,1829.4623,true
conv_07,57,2418.7345,true
conv_07,58,1564.8671,true
conv_07,59,1911.8645,true
conv_07,60,2259.2681,true
conv_07,61,1996.2936,true
conv_07,62,897.5144,true
conv_07,63,1811.6856,true
conv_07,64,2068.4964,true
conv_07,65,2098.4786,true
conv_07,66,2222.0010,true
conv_07,67,1775.4412,true
conv_07,68,2294.8610,true
conv_07,69,2074.5448,true
conv_07,70,1843.0325,true
conv_07,71,3016.7124,true
conv_07,72,977.9760,true
conv_07,73,2661.4875,true
conv_07,74,2150.0627,true
conv_07,75,2184.7834,true
conv_07,76,2116.7600,true
conv_07,77,2559.9777,true
conv_07,78,2456.8721,true
conv_07,79,2459.2252,true
conv_07,80,2993.7774,true
conv_07,81,2739.7977,true
conv_07,82,2662.7482,true
conv_07,83,3070.6740,true
conv_07,84,3995.1471,true
conv_07,85,2890.8981,true
conv_07,86,2637.5452,true
conv_07,87,3584.0742,true
conv_07,88,2867.7729,true
conv_07,89,2122.6423,true
conv_07,90,3338.4626,true
conv_07,91,3653.0098,true
conv_07,92,2820.3447,true
conv_07,93,2607.9853,true
conv_07,94,2763.1494,true
conv_07,95,3888.0207,true
conv_07,96,3280.3928,true
conv_07,97,3815.8603,true
conv_07,98,3352.3970,true
conv_07,99,3520.4711,true
conv_07,100,3043.4710,true
conv_07,101,3352.6285,true
conv_07,102,4421.2005,true
conv_07,103,2807.0940,true
conv_07,104,2666.5160,true
conv_07,105,1879.7770,true
conv_07,106,2083.3592,true
conv_07,107,2402.8530,true
conv_07,108,2394.1065,true
conv_07,109,2810.8051,true
conv_07,110,2719.1783,true
conv_07,111,3212.0669,true
conv_07,112,1122.7750,true
conv_07,113,2627.9485,true
conv_07,114,3233.7469,true
conv_07,115,2433.3011,true
conv_07,116,2420.5912,true
conv_07,117,2163.5151,true
conv_07,118,2089.3055,true
conv_07,119,2608.7255,true
conv_08,0,0.0507,false
conv_08,1,0.0068,false
conv_08,2,0.0126,false
conv_08,3,0.0116,false
conv_08,4,0.0230,false
conv_08,5,0.0081,false
conv_08,6,0.0099,false
conv_08,7,0.0208,false
conv_08,8,0.0088,false
conv_08,9,0.0138,false
conv_08,10,0.0066,false
conv_08,11,0.0208,false
conv_08,12,0.3725,false
conv_08,13,0.0200,false
conv_08,14,0.0197,false
conv_08,15,0.0074,false
conv_08,16,0.0102,false
conv_08,17,0.0174,false
conv_08,18,0.0237,false
conv_08,19,0.0093,false
conv_08,20,0.0047,false
conv_08,21,0.0280,false
conv_08,22,0.0337,false
conv_08,23,0.0085,false
conv_08,24,0.0117,false
conv_08,25,0.0117,false
conv_08,26,0.0205,false
conv_08,27,0.0223,false
conv_08,28,0.0221,false
conv_08,29,0.0078,false
conv_08,30,0.0149,false
conv_08,31,0.0361,false
conv_08,32,0.0336,false
conv_08,33,0.0193,false
conv_08,34,0.0167,false
conv_08,35,0.0379,false
conv_08,36,0.0209,false
conv_08,37,0.0340,false
conv_08,38,0.0317,false
conv_08,39,0.0346,false
conv_08,40,1230.2145,true
conv_08,41,1351.7385,true
conv_08,42,1187.1086,true
conv_08,43,1200.5973,true
conv_08,44,1192.9261,true
conv_08,45,1499.3888,true
conv_08,46,1487.8633,true
conv_08,47,1434.5251,true
conv_08,48,1732.4835,true
conv_08,49,1546.7236,true
conv_08,50,2065.5225,true
conv_08,51,1471.9772,true
conv_08,52,1421.5488,true
conv_08,53,1641.7961,true
conv_08,54,1578.3224,true
conv_08,55,1725.7879,true
conv_08,56,1956.9679,true
conv_08,57,1557.6588,true
conv_08,58,1484.3427,true
conv_08,59,1422.2991,true
conv_08,60,1128.5803,true
conv_08,61,1330.3585,true
conv_08,62,1353.5894,true
conv_08,63,1101.7903,true
conv_08,64,1536.8237,true
conv_08,65,1127.7862,true
conv_08,66,1221.1220,true
conv_08,67,1616.0765,true
conv_08,68,1738.5780,true
conv_08,69,1465.5943,true
conv_08,70,2252.3300,true
conv_08,71,2298.0792,true
conv_08,72,1285.5152,true
conv_08,73,1128.4020,true
conv_08,74,1023.0935,true
conv_08,75,996.7961,true
conv_08,76,1253.6161,true
conv_08,77,1547.2745,true
conv_08,78,1322.4612,true
conv_08,79,1315.8380,true
conv_08,80,1321.3233,true
conv_08,81,926.5090,true
conv_08,82,1657.1056,true
conv_08,83,1203.3499,true
conv_08,84,1624.9080,true
conv_08,85,1480.0625,true
conv_08,86,1944.9990,true
conv_08,87,2098.1433,true
conv_08,88,2521.9660,true
conv_08,89,1873.8598,true
conv_08,90,1840.4456,true
conv_08,91,1696.7172,true
conv_08,92,2865.2030,true
conv_08,93,2256.1096,true
conv_08,94,855.0858,true
conv_08,95,1394.9685,true
conv_08,96,968.3203,true
conv_08,97,2558.2105,true
conv_08,98,11173.0095,true
conv_08,99,2419.5623,true
conv_08,100,2180.1895,true
conv_08,101,1590.5535,true
conv_08,102,2252.6878,true
conv_08,103,1946.5366,true
conv_08,104,2326.9479,true
conv_08,105,2259.5655,true
conv_08,106,1773.9315,true
conv_08,107,2300.2700,true
conv_08,108,1065.9405,true
conv_08,109,2663.6383,true
conv_08,110,1611.8457,true
conv_08,111,2289.8313,true
conv_08,112,2550.0573,true
conv_08,113,2344.3068,true
conv_08,114,1312.1343,true
conv_08,115,1565.4598,true
conv_08,116,1428.9893,true
conv_08,117,1540.4359,true
conv_08,118,2097.9471,true
conv_08,119,2304.7120,true
conv_09,0,0.0369,false
conv_09,1,0.0115,false
conv_09,2,0.0095,false
conv_09,3,0.0226,false
conv_09,4,0.0210,false
conv_09,5,0.0267,false
conv_09,6,0.0183,false
conv_09,7,0.0259,false
conv_09,8,0.0072,false
conv_09,9,0.0213,false
conv_09,10,0.0207,false
conv_09,11,0.0127,false
conv_09,12,0.0205,false
conv_09,13,0.2662,false
conv_09,14,0.0258,false
conv_09,15,0.0170,false
conv_09,16,0.0206,false
conv_09,17,0.0277,false
conv_09,18,0.0051,false
conv_09,19,0.0076,false
conv_09,20,0.0117,false
conv_09,21,0.0183,false
conv_09,22,0.0206,false
conv_09,23,0.0191,false
conv_09,24,0.0361,false
conv_09,25,0.0189,false
conv_09,26,0.0098,false
conv_09,27,0.0060,false
conv_09,28,0.0062,false
conv_09,29,0.0130,false
conv_09,30,0.0137,false
conv_09,31,0.0206,false
conv_09,32,0.0258,false
conv_09,33,0.0280,false
conv_09,34,0.0303,false
conv_09,35,0.0330,false
conv_09,36,0.0368,false
conv_09,37,0.0475,false
conv_09,38,0.0338,false
conv_09,39,0.0355,false
conv_09,40,1508.2637,true
conv_09,41,1362.3542,true
conv_09,42,1771.4129,true
conv_09,43,1456.1220,true
conv_09,44,1455.1957,true
conv_09,45,1628.7935,true
conv_09,46,1770.6433,true
conv_09,47,1944.3422,true
conv_09,48,1711.7701,true
conv_09,49,1914.7502,true
conv_09,50,984.3335,true
conv_09,51,2047.8074,true
conv_09,52,1828.4354,true
conv_09,53,1750.0186,true
conv_09,54,1637.9600,true
conv_09,55,2158.5347,true
conv_09,56,1794.1105,true
conv_09,57,1936.9548,true
conv_09,58,2104.1072,true
conv_09,59,2662.2065,true
conv_09,60,2218.2851,true
conv_09,61,3078.4727,true
conv_09,62,2382.3871,true
conv_09,63,2367.3071,true
conv_09,64,2037.2809,true
conv_09,65,2252.5455,true
conv_09,66,2532.1392,true
conv_09,67,2250.8459,true
conv_09,68,2581.1508,true
conv_09,69,2110.4480,true
conv_09,70,1687.2670,true
conv_09,71,1844.1460,true
conv_09,72,2553.0383,true
conv_09,73,3078.6557,true
conv_09,74,2559.1283,true
conv_09,75,2106.9696,true
conv_09,76,1784.5652,true
conv_09,77,2183.0002,true
conv_09,78,1980.6387,true
conv_09,79,2018.8928,true
conv_09,80,2420.1033,true
conv_09,81,2662.0786,true
conv_09,82,1946.1279,true
conv_09,83,2252.0260,true
conv_09,84,2253.2315,true
conv_09,85,2863.6525,true
conv_09,86,2538.6239,true
conv_09,87,2174.3128,true
conv_09,88,2868.4693,true
conv_09,89,2170.3380,true
conv_09,90,2130.3561,true
conv_09,91,1995.6739,true
conv_09,92,2817.3196,true
conv_09,93,2237.9418,true
conv_09,94,1754.4070,true
conv_09,95,1126.7630,true
conv_09,96,1741.6897,true
conv_09,97,3598.2045,true
conv_09,98,2136.6119,true
conv_09,99,2046.6720,true
conv_09,100,2868.8348,true
conv_09,101,2297.9145,true
conv_09,102,2670.7202,true
conv_09,103,2683.0074,true
conv_09,104,2526.3378,true
conv_09,105,2898.4273,true
conv_09,106,2817.6828,true
conv_09,107,2941.1120,true
conv_09,108,1987.6970,true
conv_09,109,31577.4638,true
conv_09,110,3378.0529,true
conv_09,111,2787.8622,true
conv_09,112,2764.9659,true
conv_09,113,2623.7123,true
conv_09,114,3245.8016,true
conv_09,115,3354.9794,true
conv_09,116,3421.1724,true
conv_09,117,2663.9181,true
conv_09,118,1965.7888,true
conv_09,119,4566.0913,true
conv_10,0,0.0497,false
conv_10,1,0.0293,false
conv_10,2,0.0299,false
conv_10,3,0.0156,false
conv_10,4,0.0110,false
conv_10,5,0.0122,false
conv_10,6,0.0169,false
conv_10,7,0.0374,false
conv_10,8,0.0232,false
conv_10,9,0.0324,false
conv_10,10,0.3761,false
conv_10,11,0.0264,false
conv_10,12,0.0218,false
conv_10,13,0.0297,false
conv_10,14,0.0185,false
conv_10,15,0.0285,false
conv_10,16,0.0308,false
conv_10,17,0.0314,false
conv_10,18,0.0312,false
conv_10,19,0.0264,false
conv_10,20,0.0318,false
conv_10,21,0.0278,false
conv_10,22,0.0177,false
conv_10,23,0.0195,false
conv_10,24,0.0257,false
conv_10,25,0.0176,false
conv_10,26,0.0270,false
conv_10,27,0.0328,false
conv_10,28,0.0351,false
conv_10,29,0.0292,false
conv_10,30,0.0357,false
conv_10,31,0.0313,false
conv_10,32,0.2315,false
conv_10,33,0.0413,false
conv_10,34,0.0576,false
conv_10,35,0.0482,false
conv_10,36,0.0379,false
conv_10,37,0.0511,false
conv_10,38,0.0548,false
conv_10,39,0.0625,false
conv_10,40,1355.4501,true
conv_10,41,1845.1765,true
conv_10,42,2420.1683,true
conv_10,43,1795.4448,true
conv_10,44,1095.8693,true
conv_10,45,1443.5195,true
conv_10,46,1875.6703,true
conv_10,47,1489.3634,true
conv_10,48,1549.6142,true
conv_10,49,2007.6641,true
conv_10,50,1796.7891,true
conv_10,51,1830.3867,true
conv_10,52,1883.8933,true
conv_10,53,1597.3392,true
conv_10,54,1682.4273,true
conv_10,55,2387.2267,true
conv_10,56,3565.5886,true
conv_10,57,2234.5860,true
conv_10,58,2009.8285,true
conv_10,59,2164.5608,true
conv_10,60,2880.6415,true
conv_10,61,2531.2293,true
conv_10,62,2362.5115,true
conv_10,63,2741.0810,true
conv_10,64,2166.1891,true
conv_10,65,2546.0951,true
conv_10,66,2267.8580,true
conv_10,67,2862.6642,true
conv_10,68,2158.0771,true
conv_10,69,2761.7880,true
conv_10,70,2254.6500,true
conv_10,71,2252.3040,true
conv_10,72,2865.0113,true
conv_10,73,2156.6299,true
conv_10,74,1072.9478,true
conv_10,75,3221.6876,true
conv_10,76,3612.0882,true
conv_10,77,2085.8795,true
conv_10,78,2699.8060,true
conv_10,79,3621.8810,true
conv_10,80,2817.9699,true
conv_10,81,3595.0012,true
conv_10,82,3789.6015,true
conv_10,83,1227.8985,true
conv_10,84,3072.0785,true
conv_10,85,2534.8655,true
conv_10,86,1901.9625,true
conv_10,87,2632.2373,true
conv_10,88,3070.9393,true
conv_10,89,2444.0353,true
conv_10,90,2016.6673,true
conv_10,91,2300.5272,true
conv_10,92,1921.7191,true
conv_10,93,4729.3013,true
conv_10,94,2825.1199,true
conv_10,95,2708.9785,true
conv_10,96,4088.0966,true
conv_10,97,2949.5585,true
conv_10,98,2703.1334,true
conv_10,99,1301.1347,true
conv_10,100,3415.8455,true
conv_10,101,2645.0540,true
conv_10,102,3557.0810,true
conv_10,103,2786.6362,true
conv_10,104,2216.6636,true
conv_10,105,2899.4389,true
conv_10,106,4378.0498,true
conv_10,107,3715.7045,true
conv_10,108,2252.3539,true
conv_10,109,3276.3870,true
conv_10,110,2970.3747,true
conv_10,111,2512.8468,true
conv_10,112,2401.7735,true
conv_10,113,3175.0028,true
conv_10,114,3051.8615,true
conv_10,115,3037.4186,true
conv_10,116,3077.8851,true
conv_10,117,3531.3939,true
conv_10,118,3892.5319,true
conv_10,119,2864.8178,true
conv_11,0,0.0475,false
conv_11,1,0.0265,false
conv_11,2,0.0351,false
conv_11,3,0.0205,false
conv_11,4,0.0107,false
conv_11,5,0.0129,false
conv_11,6,0.0120,false
conv_11,7,0.0153,false
conv_11,8,0.0277,false
conv_11,9,0.0060,false
conv_11,10,0.0078,false
conv_11,11,0.0161,false
conv_11,12,0.0186,false
conv_11,13,0.0350,false
conv_11,14,0.0115,false
conv_11,15,0.0340,false
conv_11,16,0.0326,false
conv_11,17,0.0070,false
conv_11,18,0.0046,false
conv_11,19,0.0185,false
conv_11,20,0.0330,false
conv_11,21,0.0327,false
conv_11,22,0.0181,false
conv_11,23,0.0074,false
conv_11,24,0.0195,false
conv_11,25,0.0108,false
conv_11,26,0.0156,false
conv_11,27,0.2489,false
conv_11,28,0.0121,false
conv_11,29,0.0060,false
conv_11,30,0.0111,false
conv_11,31,0.0344,false
conv_11,32,0.0305,false
conv_11,33,0.0305,false
conv_11,34,0.0245,false
conv_11,35,0.0385,false
conv_11,36,0.0388,false
conv_11,37,0.0292,false
conv_11,38,0.0356,false
conv_11,39,0.0348,false
conv_11,40,1104.5528,true
conv_11,41,1870.3450,true
conv_11,42,1306.4849,true
conv_11,43,2778.9603,true
conv_11,44,1257.4640,true
conv_11,45,1881.1665,true
conv_11,46,1507.1669,true
conv_11,47,1885.0046,true
conv_11,48,2919.6330,true
conv_11,49,1608.5722,true
conv_11,50,3000.8203,true
conv_11,51,2135.7502,true
conv_11,52,2472.7931,true
conv_11,53,2422.1850,true
conv_11,54,2440.9997,true
conv_11,55,2040.6207,true
conv_11,56,1152.9132,true
conv_11,57,1874.0962,true
conv_11,58,2457.4862,true
conv_11,59,2149.9196,true
conv_11,60,1946.6918,true
conv_11,61,3041.2738,true
conv_11,62,2078.2308,true
conv_11,63,3379.5545,true
conv_11,64,2560.1735,true
conv_11,65,2745.5736,true
conv_11,66,2375.4524,true
conv_11,67,2873.2022,true
conv_11,68,2452.8565,true
conv_11,69,2145.0140,true
conv_11,70,2358.3691,true
conv_11,71,2559.7715,true
conv_11,72,2969.4098,true
conv_11,73,2766.4122,true
conv_11,74,4776.8361,true
conv_11,75,2901.5145,true
conv_11,76,2831.2992,true
conv_11,77,2288.8192,true
conv_11,78,3277.4372,true
conv_11,79,1946.0968,true
conv_11,80,2868.0458,true
conv_11,81,2854.6833,true
conv_11,82,2950.2273,true
conv_11,83,2194.7344,true
conv_11,84,2342.0629,true
conv_11,85,3994.9205,true
conv_11,86,2763.1034,true
conv_11,87,2956.3229,true
conv_11,88,3597.1176,true
conv_11,89,3827.1804,true
conv_11,90,2419.5231,true
conv_11,91,2560.5822,true
conv_11,92,2458.1254,true
conv_11,93,2048.3848,true
conv_11,94,2354.5486,true
conv_11,95,2871.2529,true
conv_11,96,2350.3600,true
conv_11,97,2391.3488,true
conv_11,98,2421.6582,true
conv_11,99,2764.1516,true
conv_11,100,3073.3377,true
conv_11,101,2663.2804,true
conv_11,102,3263.9192,true
conv_11,103,2571.5049,true
conv_11,104,3434.3189,true
conv_11,105,3517.2185,true
conv_11,106,2773.1109,true
conv_11,107,3732.8654,true
conv_11,108,2923.7500,true
conv_11,109,2769.0970,true
conv_11,110,3482.3882,true
conv_11,111,2355.5382,true
conv_11,112,2774.4651,true
conv_11,113,2343.8545,true
conv_11,114,4608.2762,true
conv_11,115,2456.9632,true
conv_11,116,2534.1658,true
conv_11,117,948.1464,true
conv_11,118,2973.2078,true
conv_11,119,3111.4143,true
conv_12,0,0.0896,false
conv_12,1,0.0313,false
conv_12,2,0.0613,false
conv_12,3,0.0426,false
conv_12,4,0.0113,false
conv_12,5,0.0357,false
conv_12,6,0.0130,false
conv_12,7,0.0183,false
conv_12,8,0.0465,false
conv_12,9,0.0148,false
conv_12,10,0.7759,false
conv_12,11,0.0224,false
conv_12,12,0.0158,false
conv_12,13,0.0283,false
conv_12,14,0.0423,false
conv_12,15,0.0075,false
conv_12,16,0.0080,false
conv_12,17,0.0358,false
conv_12,18,0.0362,false
conv_12,19,0.0095,false
conv_12,20,0.0214,false
conv_12,21,0.0201,false
conv_12,22,0.0233,false
conv_12,23,0.0232,false
conv_12,24,0.0092,false
conv_12,25,0.0275,false
conv_12,26,0.0247,false
conv_12,27,0.0181,false
conv_12,28,0.0260,false
conv_12,29,0.0088,false
conv_12,30,0.0442,false
conv_12,31,0.0562,false
conv_12,32,0.0403,false
conv_12,33,0.0496,false
conv_12,34,0.0417,false
conv_12,35,0.0521,false
conv_12,36,0.0352,false
conv_12,37,0.0407,false
conv_12,38,0.3859,false
conv_12,39,0.0858,false
conv_12,40,1211.2939,true
conv_12,41,1035.8413,true
conv_12,42,2301.2872,true
conv_12,43,1309.4782,true
conv_12,44,2335.3717,true
conv_12,45,1901.1600,true
conv_12,46,1743.6087,true
conv_12,47,1429.6729,true
conv_12,48,1330.7084,true
conv_12,49,1843.0202,true
conv_12,50,1013.4221,true
conv_12,51,1137.4494,true
conv_12,52,1964.3142,true
conv_12,53,1085.6929,true
conv_12,54,1352.9908,true
conv_12,55,2152.8604,true
conv_12,56,1999.9691,true
conv_12,57,1888.6938,true
conv_12,58,1946.0410,true
conv_12,59,2454.9826,true
conv_12,60,1249.6045,true
conv_12,61,1094.8114,true
conv_12,62,1792.7681,true
conv_12,63,1650.5592,true
conv_12,64,2657.1798,true
conv_12,65,1901.1236,true
conv_12,66,1797.4538,true
conv_12,67,1786.4915,true
conv_12,68,2150.4120,true
conv_12,69,1667.1509,true
conv_12,70,1792.1659,true
conv_12,71,1767.3786,true
conv_12,72,1831.6595,true
conv_12,73,1645.6837,true
conv_12,74,2033.7187,true
conv_12,75,1138.3428,true
conv_12,76,1434.8251,true
conv_12,77,1873.7718,true
conv_12,78,1040.1853,true
conv_12,79,1815.3371,true
conv_12,80,2316.8128,true
conv_12,81,2068.9491,true
conv_12,82,1890.7262,true
conv_12,83,1656.1155,true
conv_12,84,1147.9555,true
conv_12,85,2677.9301,true
conv_12,86,2048.3396,true
conv_12,87,1905.6804,true
conv_12,88,2703.0831,true
conv_12,89,3416.0565,true
conv_12,90,2319.6352,true
conv_12,91,2557.6141,true
conv_12,92,2145.0959,true
conv_12,93,1879.9579,true
conv_12,94,2222.1867,true
conv_12,95,2867.3599,true
conv_12,96,2375.7125,true
conv_12,97,2334.1202,true
conv_12,98,2560.9837,true
conv_12,99,2284.2066,true
conv_12,100,2630.6058,true
conv_12,101,2150.1210,true
conv_12,102,2283.2492,true
conv_12,103,1241.5951,true
conv_12,104,2619.2621,true
conv_12,105,2866.6391,true
conv_12,106,2200.3936,true
conv_12,107,2408.0405,true
conv_12,108,1436.6170,true
conv_12,109,2353.1874,true
conv_12,110,2868.4792,true
conv_12,111,2220.1789,true
conv_12,112,2489.2582,true
conv_12,113,965.8018,true
conv_12,114,2310.2959,true
conv_12,115,2040.9870,true
conv_12,116,2363.5782,true
conv_12,117,2421.4728,true
conv_12,118,2480.9701,true
conv_12,119,2321.3959,true